{
"skeleton": {
	"hash": "iQK01bh+pOk",
	"spine": "3.8-from-4.0.49",
	"x": -285.97,
	"y": -74.05,
	"width": 735.41,
	"height": 817.75,
	"images": "",
	"audio": ""
},
"bones": [
	{ "name": "root" },
	{ "name": "stance", "parent": "root", "length": 222.35, "rotation": -0.68, "x": -85.41, "y": -78.66 },
	{ "name": "core", "parent": "stance", "length": 167.32, "rotation": -90.13, "x": 83.96, "y": 338.81 },
	{ "name": "L Arm", "parent": "core", "length": 149.41, "rotation": -17.78, "x": 9.5, "y": -87.86 },
	{ "name": "R Arm", "parent": "core", "length": 154.85, "rotation": 29.28, "x": -10.07, "y": 78.63 },
	{ "name": "Head", "parent": "core", "length": 178.66, "rotation": -179.19, "x": 15.65, "y": -0.42 },
	{ "name": "Collar", "parent": "Head", "length": 33.19, "rotation": -4.57, "x": 1.32 },
	{ "name": "Collar L", "parent": "Collar", "length": 101.45, "rotation": 79.45, "x": 2.53, "y": 1.53 },
	{ "name": "Collar R", "parent": "Collar", "length": 94.74, "rotation": -60.65, "x": 1.32, "y": 0.11 },
	{ "name": "Hat", "parent": "Head", "length": 172.27, "x": 249.4, "y": 17.75 },
	{ "name": "waist", "parent": "core", "length": 115.22, "rotation": 10, "x": 116.81, "y": 12.94 },
	{ "name": "Leg L", "parent": "waist", "length": 114.65, "rotation": -13.22, "x": 83.1, "y": -75.54 },
	{ "name": "Leg R", "parent": "waist", "length": 122.52, "rotation": -6.93, "x": 97.31, "y": 28.23 },
	{ "name": "L hand", "parent": "L Arm", "length": 57.5, "rotation": 7.1, "x": 166.63, "y": 9.44 },
	{ "name": "R Hand", "parent": "R Arm", "length": 54.98, "rotation": -16.77, "x": 165.74, "y": -0.32 },
	{ "name": "L Eye", "parent": "Head", "length": 57.7, "rotation": 82.06, "x": 106.09, "y": -20.35 },
	{ "name": "R Eye", "parent": "Head", "length": 59.73, "rotation": -57.72, "x": 108.75, "y": -64.21 },
	{ "name": "Wand", "parent": "R Hand", "length": 137.16, "rotation": 93.39, "x": 34.39, "y": 5.16 },
	{
		"name": "attack swoosh",
		"parent": "Wand",
		"length": 372.22,
		"rotation": -7.04,
		"x": 12.78,
		"y": 141.79,
		"scaleX": 0.7754,
		"scaleY": 0.8054,
		"color": "9b9b9b00"
	}
],
"slots": [
	{ "name": "R Arm", "bone": "R Arm", "attachment": "R Arm" },
	{ "name": "R Hand", "bone": "R Hand", "attachment": "R Hand" },
	{ "name": "wand", "bone": "Wand", "attachment": "wand" },
	{ "name": "R Leg", "bone": "Leg R", "attachment": "R Leg" },
	{ "name": "L Leg", "bone": "Leg L", "attachment": "L Leg" },
	{ "name": "Waist", "bone": "waist", "attachment": "Waist" },
	{ "name": "Main Robe", "bone": "core", "attachment": "Main Robe" },
	{ "name": "belt", "bone": "core", "attachment": "Belt" },
	{ "name": "L Arm", "bone": "L Arm", "attachment": "L Arm" },
	{ "name": "L Hand", "bone": "L hand", "attachment": "L Hand" },
	{ "name": "attack soosh", "bone": "attack swoosh", "attachment": "attack soosh" },
	{ "name": "Head Shape", "bone": "Head", "attachment": "Head Shape" },
	{ "name": "R Eye", "bone": "R Eye", "attachment": "R Eye" },
	{ "name": "L Eye", "bone": "L Eye", "attachment": "L Eye" },
	{ "name": "Collar", "bone": "Collar", "attachment": "Collar" },
	{ "name": "Hat", "bone": "Hat", "attachment": "Hat" }
],
"skins": [
	{
		"name": "default",
		"attachments": {
			"attack soosh": {
				"attack soosh": {
					"x": 182.05,
					"y": 6.33,
					"scaleX": 0.3,
					"scaleY": 0.3,
					"rotation": 28.01,
					"width": 703,
					"height": 1405
				}
			},
			"belt": {
				"Belt": {
					"type": "mesh",
					"uvs": [ 0.98257, 0.30011, 1, 0.61022, 1, 0.7825, 0.97095, 0.8191, 0.86468, 0.9397, 0.74268, 1, 0.27597, 1, 0.10361, 0.91386, 1.0E-5, 0.84495, 0.01937, 0.05168, 0.10942, 0.13782, 0.29533, 0.26704, 0.51223, 0.33595, 0.6168, 0.31872, 0.79303, 0.22397, 0.90729, 0.01723, 0.95958, 0.00861, 0.96708, 0, 0.08037, 0.54992, 0.23724, 0.57576, 0.39603, 0.63606, 0.5529, 0.67913, 0.75817, 0.58438, 0.90342, 0.50685 ],
					"triangles": [ 16, 17, 0, 23, 14, 15, 18, 9, 10, 19, 10, 11, 18, 10, 19, 22, 13, 14, 22, 14, 23, 20, 11, 12, 21, 12, 13, 20, 12, 21, 1, 23, 0, 0, 15, 16, 2, 3, 1, 8, 9, 18, 7, 18, 19, 8, 18, 7, 4, 22, 23, 0, 23, 15, 1, 3, 23, 4, 23, 3, 20, 6, 19, 20, 19, 11, 7, 19, 6, 5, 13, 22, 5, 22, 4, 21, 13, 5, 6, 20, 21, 5, 6, 21 ],
					"vertices": [ 131.66, 131, 148.62, 135.5, 158.08, 135.63, 160.19, 128.57, 167.18, 102.71, 170.91, 72.97, 172.53, -40.99, 168.4, -83.14, 164.97, -108.49, 121.36, -104.38, 125.78, -82.33, 132.22, -36.83, 135.26, 16.18, 133.95, 41.7, 128.14, 84.66, 116.39, 112.4, 115.74, 125.16, 115.24, 126.98, 148.5, -89.1, 149.37, -50.78, 152.13, -11.96, 153.95, 26.38, 148.04, 76.43, 143.28, 111.83 ],
					"hull": 18,
					"edges": [ 16, 18, 10, 12, 12, 14, 14, 16, 18, 20, 20, 22, 22, 24, 24, 26, 26, 28, 28, 30, 30, 32, 32, 34, 0, 34, 0, 2, 2, 4, 4, 6, 6, 8, 8, 10 ],
					"width": 814,
					"height": 183
				}
			},
			"Collar": {
				"Collar": {
					"x": 41.34,
					"y": 13.22,
					"scaleX": 0.3,
					"scaleY": 0.3,
					"rotation": -85.43,
					"width": 1105,
					"height": 346
				}
			},
			"Hat": {
				"Hat": {
					"type": "mesh",
					"uvs": [ 0.5142, 0, 0.74435, 0.46161, 0.89097, 0.49094, 0.97054, 0.53859, 1, 0.58678, 1, 0.65801, 0.9361, 0.76321, 0.82701, 0.85671, 0.69582, 0.93838, 0.51808, 0.99568, 0.43462, 1, 0.2967, 1, 0.11947, 0.93201, 0.01161, 0.84886, 0, 0.79182, 0, 0.74696, 0.0332, 0.68713, 0.10014, 0.62554, 0.21317, 0.55843, 0.21448, 0.55653, 0.24076, 0.27431, 0.09332, 0.22849, 0.29482, 0, 0.22839, 0.16777, 0.341, 0.11228, 0.4915, 0.14002, 0.60726, 0.35058, 0.42625, 0.44362, 0.23892, 0.66724, 0.38731, 0.68193, 0.56306, 0.62317, 0.67673, 0.51054, 0.76723, 0.65908, 0.6662, 0.73253, 0.47676, 0.80598, 0.31785, 0.79945, 0.21576, 0.76191, 0.19892, 0.75049, 0.2105, 0.64602, 0.80828, 0.60195 ],
					"triangles": [ 24, 22, 0, 25, 24, 0, 23, 22, 24, 23, 21, 22, 20, 23, 24, 21, 23, 20, 1, 26, 0, 25, 0, 26, 27, 24, 25, 27, 25, 26, 20, 24, 27, 31, 26, 1, 19, 20, 27, 39, 1, 2, 30, 27, 26, 30, 26, 31, 38, 17, 18, 3, 4, 5, 32, 1, 39, 31, 1, 32, 29, 28, 19, 18, 19, 28, 38, 18, 28, 27, 29, 19, 29, 27, 30, 33, 30, 31, 33, 31, 32, 37, 17, 38, 37, 38, 28, 36, 37, 28, 6, 2, 3, 6, 3, 5, 39, 2, 6, 14, 15, 16, 35, 28, 29, 36, 28, 35, 34, 29, 30, 13, 14, 16, 7, 39, 6, 32, 39, 7, 37, 16, 17, 12, 16, 37, 13, 16, 12, 7, 8, 33, 7, 33, 32, 33, 9, 34, 33, 34, 30, 9, 33, 8, 11, 36, 35, 12, 37, 36, 11, 12, 36, 34, 35, 29, 10, 34, 9, 10, 35, 34, 11, 35, 10 ],
					"vertices": [ 250.82, -23.39, 80.9, -154.78, 70.11, -238.49, 52.57, -283.92, 34.83, -300.73, 8.61, -300.73, -30.12, -264.26, -64.53, -201.97, -94.6, -127.08, -115.69, -25.61, -117.28, 22.04, -117.28, 100.78, -92.25, 201.96, -61.64, 263.54, -40.65, 270.17, -24.13, 270.17, -2.11, 251.21, 20.56, 213, 45.27, 148.47, 45.96, 147.72, 149.85, 132.72, 166.72, 216.89, 250.82, 101.85, 189.07, 139.78, 209.49, 75.49, 199.28, -10.43, 121.77, -76.52, 87.53, 26.82, 5.21, 133.77, -0.2, 49.05, 21.43, -51.29, 62.89, -116.18, 8.22, -167.85, -18.82, -110.17, -45.86, -2.02, -43.45, 88.71, -29.64, 146.99, -25.43, 156.6, 13.02, 149.99, 29.25, -191.28 ],
					"hull": 23,
					"edges": [ 0, 44, 4, 6, 6, 8, 8, 10, 10, 12, 12, 14, 14, 16, 16, 18, 18, 20, 20, 22, 22, 24, 24, 26, 26, 28, 28, 30, 30, 32, 32, 34, 34, 36, 36, 38, 38, 40, 42, 44, 2, 4, 40, 42, 0, 2 ],
					"width": 1903,
					"height": 1227
				}
			},
			"Head Shape": {
				"Head Shape": {
					"x": 150.78,
					"y": 11.2,
					"scaleX": 0.3,
					"scaleY": 0.3,
					"rotation": -90,
					"width": 1165,
					"height": 1017
				}
			},
			"L Arm": {
				"L Arm": {
					"x": 90.89,
					"y": -2.19,
					"scaleX": 0.3,
					"scaleY": 0.3,
					"rotation": 108.6,
					"width": 333,
					"height": 656
				}
			},
			"L Eye": {
				"L Eye": {
					"x": 25.66,
					"y": 8.44,
					"scaleX": 0.3,
					"scaleY": 0.3,
					"rotation": -172.06,
					"width": 294,
					"height": 187
				}
			},
			"L Hand": {
				"L Hand": {
					"x": 31.47,
					"y": 9.48,
					"scaleX": 0.3,
					"scaleY": 0.3,
					"rotation": 101.31,
					"width": 353,
					"height": 282
				}
			},
			"L Leg": {
				"L Leg": {
					"x": 40.67,
					"y": 3.33,
					"scaleX": 0.3,
					"scaleY": 0.3,
					"rotation": 94.03,
					"width": 363,
					"height": 542
				}
			},
			"Main Robe": {
				"Main Robe": {
					"type": "mesh",
					"uvs": [ 0.94634, 0.49512, 1, 0.76581, 1, 0.86227, 0.99999, 0.90355, 0.90441, 0.92135, 0.79955, 0.94088, 0.69223, 0.7262, 0.59386, 0.72309, 0.45375, 0.99999, 0.25402, 0.99999, 1.0E-5, 0.99999, 0.06909, 0.59356, 0.16098, 0.05289, 0.39984, 0.04841, 0.64198, 0.04387, 0.82412, 0.04045, 0.12881, 0.83115, 0.22719, 0.28977, 0.17949, 0.60402, 0.40009, 0.58846, 0.31592, 0.59606, 0.35925, 0.31332, 0.74117, 0.37551, 0.80521, 0.58662, 0.8383, 0.31466, 0.61174, 0.26177, 0.46269, 0.35822, 0.56405, 0.14353, 0.44779, 0.14665, 0.38727, 0.13044, 0.79977, 0.57147 ],
					"triangles": [ 29, 12, 13, 27, 13, 14, 28, 29, 13, 27, 28, 13, 25, 27, 14, 17, 12, 29, 21, 17, 29, 21, 29, 28, 0, 24, 15, 25, 26, 28, 25, 28, 27, 21, 28, 26, 22, 25, 14, 22, 14, 24, 15, 24, 14, 0, 30, 22, 0, 22, 24, 23, 30, 0, 19, 21, 26, 11, 12, 17, 20, 17, 21, 20, 21, 19, 18, 11, 17, 22, 19, 26, 22, 26, 25, 19, 22, 30, 19, 30, 23, 20, 19, 23, 20, 18, 17, 7, 20, 23, 6, 7, 23, 23, 0, 1, 4, 6, 23, 16, 11, 18, 1, 4, 23, 1, 2, 4, 3, 4, 2, 5, 6, 4, 8, 20, 7, 20, 16, 18, 9, 20, 8, 9, 16, 20, 10, 11, 16, 10, 16, 9 ],
					"vertices": [ 112.76, 122.04, 183.11, 137.64, 208.25, 138, 219.01, 138.15, 224.02, 112.21, 229.52, 83.75, 173.97, 53.76, 173.54, 26.98, 246.26, -10.12, 247.03, -64.46, 248.01, -133.57, 141.8, -116.27, 0.51, -93.27, -1.58, -28.3, -3.7, 37.56, -5.29, 87.1, 203.5, -99.15, 62, -74.38, 144.1, -86.2, 139.2, -26.24, 141.5, -49.11, 67.63, -38.37, 82.37, 65.77, 137.15, 83.98, 66.13, 91.98, 53.22, 30.14, 78.94, -10.06, 22.58, 16.73, 23.84, -14.89, 19.85, -31.42, 133.22, 82.44 ],
					"hull": 16,
					"edges": [ 6, 4, 14, 16, 12, 14, 10, 12, 4, 2, 2, 0, 0, 30, 16, 18, 18, 20, 24, 26, 6, 8, 8, 10, 26, 28, 28, 30, 18, 40, 42, 40, 20, 22, 22, 24, 44, 28, 8, 46, 26, 58, 58, 42, 46, 40, 44, 60, 60, 46 ],
					"width": 907,
					"height": 869
				}
			},
			"R Arm": {
				"R Arm": {
					"x": 95.33,
					"y": 1.09,
					"scaleX": 0.3,
					"scaleY": 0.3,
					"rotation": 73.2,
					"width": 333,
					"height": 656
				}
			},
			"R Eye": {
				"R Eye": {
					"x": 29.15,
					"y": -1.12,
					"scaleX": 0.3,
					"scaleY": 0.3,
					"rotation": -32.28,
					"width": 238,
					"height": 248
				}
			},
			"R Hand": {
				"R Hand": {
					"x": 26.24,
					"y": 4.15,
					"scaleX": 0.3,
					"scaleY": 0.3,
					"rotation": 84.96,
					"width": 328,
					"height": 282
				}
			},
			"R Leg": {
				"R Leg": {
					"x": 42.73,
					"y": 8.51,
					"scaleX": 0.3,
					"scaleY": 0.3,
					"rotation": 87.74,
					"width": 367,
					"height": 548
				}
			},
			"Waist": {
				"Waist": {
					"x": 50.75,
					"y": -31.43,
					"scaleX": 0.3,
					"scaleY": 0.3,
					"rotation": 80.81,
					"width": 811,
					"height": 506
				}
			},
			"wand": {
				"wand": {
					"x": 80.95,
					"y": -2.69,
					"scaleX": 0.3,
					"scaleY": 0.3,
					"rotation": -11.48,
					"width": 612,
					"height": 183
				}
			}
		}
	}
],
"animations": {
	"attack 1": {
		"slots": {
			"attack soosh": {
				"color": [
					{ "color": "ffffff00", "curve": "stepped" },
					{ "time": 0.4333, "color": "ffffff00" },
					{ "time": 0.4667, "color": "ffffffff" },
					{ "time": 0.8667, "color": "ffffff01" },
					{ "time": 0.9, "color": "ffffff00" }
				]
			}
		},
		"bones": {
			"core": {
				"rotate": [
					{},
					{ "time": 0.3333, "angle": 2.58 },
					{ "time": 0.9 }
				]
			},
			"L Arm": {
				"rotate": [
					{},
					{ "time": 0.3333, "angle": -4.82 },
					{ "time": 0.9 }
				],
				"translate": [
					{},
					{ "time": 0.3333, "x": -0.29, "y": -9.56 },
					{ "time": 0.9 }
				]
			},
			"R Arm": {
				"rotate": [
					{},
					{ "time": 0.3333, "angle": 69.1 },
					{ "time": 0.7, "angle": -1.99 },
					{ "time": 0.8333, "angle": -9.28 },
					{ "time": 0.9 }
				],
				"translate": [
					{},
					{ "time": 0.2667, "x": 15.56, "y": -29.05 },
					{ "time": 0.3333, "x": 11.44, "y": -20.43 },
					{ "time": 0.5333, "x": -0.36, "y": -5.35 },
					{ "time": 0.9 }
				],
				"scale": [
					{},
					{ "time": 0.3333, "y": 0.759 },
					{ "time": 0.9 }
				]
			},
			"Head": {
				"rotate": [
					{},
					{ "time": 0.3333, "angle": 5.32 },
					{ "time": 0.9 }
				],
				"translate": [
					{},
					{ "time": 0.3333, "x": -11, "y": -2.36 },
					{ "time": 0.9 }
				]
			},
			"Leg L": {
				"rotate": [
					{},
					{ "time": 0.3333, "angle": -3.55 },
					{ "time": 0.9 }
				],
				"translate": [
					{},
					{ "time": 0.3333, "x": -3.8, "y": -8.52 },
					{ "time": 0.9 }
				]
			},
			"Leg R": {
				"rotate": [
					{},
					{ "time": 0.2667, "angle": 2.65 },
					{ "time": 0.9 }
				]
			},
			"R Hand": {
				"rotate": [
					{},
					{ "time": 0.8333, "angle": -23.49 },
					{ "time": 0.9 }
				],
				"translate": [
					{},
					{ "time": 0.3333, "x": 5.83, "y": -9.24 },
					{ "time": 0.8333, "x": 8.98, "y": -16.75 },
					{ "time": 0.9 }
				],
				"scale": [
					{},
					{ "time": 0.3333, "y": 1.163 },
					{ "time": 0.9 }
				]
			},
			"L Eye": {
				"scale": [
					{ "time": 0.3333 },
					{ "time": 0.5, "y": 0.859 },
					{ "time": 0.9 }
				],
				"shear": [
					{ "time": 0.3333 },
					{ "time": 0.5, "y": -0.83 },
					{ "time": 0.9 }
				]
			},
			"R Eye": {
				"scale": [
					{ "time": 0.3333 },
					{ "time": 0.5, "y": 0.849 },
					{ "time": 0.9 }
				]
			},
			"Wand": {
				"rotate": [
					{},
					{ "time": 0.3333, "angle": -36.71 },
					{ "time": 0.9, "angle": -48.26 }
				]
			},
			"attack swoosh": {
				"rotate": [
					{ "angle": 46.17 },
					{ "time": 0.3667, "angle": -16.85 },
					{ "time": 0.4667, "angle": 20.62 },
					{ "time": 0.7667, "angle": 35.03 },
					{ "time": 0.8667, "angle": 49.2 },
					{ "time": 0.9, "angle": -72.21 }
				],
				"translate": [
					{},
					{ "time": 0.4667, "x": -100.52, "y": -3.06 },
					{ "time": 0.6, "x": -196.4, "y": -1.86 },
					{ "time": 0.7667, "x": -17.94, "y": 48.64 },
					{ "time": 0.8667, "x": -35.44, "y": 63.53 },
					{ "time": 0.9, "x": 99.85, "y": -26.92 }
				],
				"scale": [
					{},
					{ "time": 0.4667, "x": 0.966, "y": 0.958 },
					{ "time": 0.6, "x": 2.008, "y": 2.415 },
					{ "time": 0.8667, "x": 2.27, "y": 2.291 },
					{ "time": 0.9 }
				]
			}
		},
		"deform": {
			"default": {
				"belt": {
					"Belt": [
						{},
						{
							"time": 0.3333,
							"vertices": [ 0.19724, -13.90013, 0.19717, -13.90013, 0.7587, -10.86978, 2.56314, -10.23974, -1.20868, -0.01715, -2.41736, -0.03429, 0, 0, 0, 0, 0, 0, 0, 0, 0, 0, 0, 0, 0, 0, -3.02176, -0.04287, -4.23044, -0.06001, 2.58044, -11.44844, 0.18887, -13.29576, 0.1886, -13.29578, 0, 0, 0, 0, 0, 0, 0, 0, -3.6261, -0.05144, -2.8674, -10.92122 ]
						},
						{
							"time": 0.9,
							"vertices": [ 0.04749, -3.2656, 0.05774, -4.02519, 0.67868, -5.17271, 2.56314, -10.23974, -0.82864, -0.01176, 1.00098, 0.01419, 0, 0, 0, 0, 0, 0, 0, 0, 0, 0, 0, 0, 0, 0, -3.02176, -0.04287, -4.22916, -0.06002, -0.58041, -2.75605, 0.04425, -3.04103, 0.08716, -6.07951, 0, 0, 0, 0, 0, 0, 0, 0, -2.48624, -0.03528, -2.94778, -5.22415 ]
						}
					]
				},
				"Hat": {
					"Hat": [
						{},
						{
							"time": 0.3333,
							"offset": 10,
							"vertices": [ -2.98486, -4.34885, -5.64548, -6.3612, -4.97443, -7.24812, 0, 0, 0, 0, -1.11551, 18.7184, 0, 0, 0, 0, 0, 0, 0, 0, 0, 0, 0, 0, 0, 0, 0, 0, 0, 0, -20.39413, -11.76273, -44.67963, -8.4192, -16.5224, -0.83433, -22.41415, -4.18573, -18.73328, -8.86619, 0, 0, 0, 0, -19.4765, -6.5794 ]
						},
						{ "time": 0.9 }
					]
				},
				"Main Robe": {
					"Main Robe": [
						{},
						{
							"time": 0.3333,
							"vertices": [ 0.15244, -10.7246, 0.14117, -9.89962, -7.25214, -0.10287, -6.04346, -0.08573, -5.43912, -0.07716, -5.43912, -0.07716, -7.25226, -0.10288, -6.6478, -0.0943, -8.46088, -0.12002, -4.83475, -0.06858, -3.62607, -0.05144, 0, 0, 0, 0, 0, 0, 0, 0, -22.2739, -0.31596, 0, 0, 0, 0, 0, 0, 0, 0, -25.98674, -0.36865, -14.50449, -0.20574, 0, 0, 0, 0, 0.04803, -3.29984 ]
						},
						{
							"time": 0.9,
							"offset": 30,
							"vertices": [ -22.2739, -0.31596 ]
						}
					]
				}
			}
		}
	},
	"defeat": {
		"slots": {
			"attack soosh": {
				"color": [
					{ "color": "ffffff00" }
				]
			},
			"belt": {
				"color": [
					{ "time": 0.8667, "color": "ffffff00" }
				]
			},
			"Collar": {
				"color": [
					{ "time": 0.8667, "color": "ffffff00" }
				]
			},
			"Hat": {
				"color": [
					{ "time": 1.5, "color": "ffffffff" },
					{ "time": 1.6667, "color": "ffffff00" }
				]
			},
			"Head Shape": {
				"color": [
					{ "time": 0.8667, "color": "ffffff00" }
				]
			},
			"L Arm": {
				"color": [
					{ "time": 0.8667, "color": "ffffff00" }
				]
			},
			"L Eye": {
				"color": [
					{ "time": 0.8667, "color": "ffffff00" }
				]
			},
			"L Hand": {
				"color": [
					{ "time": 0.8667, "color": "ffffff00" }
				]
			},
			"L Leg": {
				"color": [
					{ "time": 0.8667, "color": "ffffff00" }
				]
			},
			"Main Robe": {
				"color": [
					{ "time": 0.8667, "color": "ffffff00" }
				]
			},
			"R Arm": {
				"color": [
					{ "time": 0.8667, "color": "ffffff00" }
				]
			},
			"R Eye": {
				"color": [
					{ "time": 0.8667, "color": "ffffff00" }
				]
			},
			"R Hand": {
				"color": [
					{ "time": 0.8667, "color": "ffffff00" }
				]
			},
			"R Leg": {
				"color": [
					{ "time": 0.8667, "color": "ffffff00" }
				]
			},
			"Waist": {
				"color": [
					{ "time": 0.8667, "color": "ffffff00" }
				]
			},
			"wand": {
				"color": [
					{ "time": 0.8667, "color": "ffffff00" }
				]
			}
		},
		"bones": {
			"stance": {
				"rotate": [
					{},
					{ "time": 0.8667, "angle": 87.13 }
				]
			},
			"L Arm": {
				"rotate": [
					{},
					{ "time": 0.4, "angle": -24.83 },
					{ "time": 0.8667, "angle": 24.1 }
				]
			},
			"R Arm": {
				"rotate": [
					{},
					{ "time": 0.4, "angle": 18.61 },
					{ "time": 0.8667, "angle": -21.15 }
				]
			},
			"waist": {
				"rotate": [
					{},
					{ "time": 0.4, "angle": -1.72 }
				],
				"scale": [
					{},
					{ "time": 0.4, "y": 0.896 }
				]
			},
			"Leg R": {
				"rotate": [
					{},
					{ "time": 0.4, "angle": 19.25 }
				],
				"translate": [
					{},
					{ "time": 0.8667, "x": -5.66, "y": -55.78 }
				]
			},
			"L Eye": {
				"scale": [
					{},
					{ "time": 0.2667, "y": 1.26 },
					{ "time": 0.5, "y": 1.177 },
					{ "time": 0.6667, "y": 0.82 },
					{ "time": 0.8333, "y": 0.528 }
				]
			},
			"R Eye": {
				"scale": [
					{},
					{ "time": 0.2667, "y": 1.271 },
					{ "time": 0.8333, "y": 0.556 }
				]
			}
		},
		"deform": {
			"default": {
				"belt": {
					"Belt": [
						{},
						{
							"time": 0.8667,
							"vertices": [ 2.63925, -24.81784, 0.49918, -23.91444, 2.63925, -24.81777, 6.85355, -25.58758, 2.10513, -16.52297, 0, 0, 0, 0, 0, 0, 0, 0, 0, 0, 0, 0, 0, 0, 0, 0, 0, 0, 2.23871, -18.59669, 1.33524, -20.73718, 1.4689, -22.81087, 1.73602, -26.95828, 0, 0, 0, 0, 0, 0, 0, 0, 0, 0, 1.33536, -20.73709 ]
						}
					]
				},
				"Hat": {
					"Hat": [
						{},
						{
							"time": 0.2,
							"vertices": [ -37.90275, -82.11809, -39.35666, -2.85258, -61.76213, 18.79211, -71.34605, 33.99655, -72.41557, 42.95438, -66.6375, 50.71696, -47.30242, 54.14342, -21.27802, 50.60717, 7.52254, 43.00277, 42.21322, 26.8845, 56.67085, 16.85495, 79.98355, -0.49796, 104.42477, -30.20668, 115.91172, -52.84039, 113.24634, -60.51659, 109.60698, -65.40575, 99.14117, -67.7493, 82.83032, -66.03932, 58.28047, -59.13216, 57.90489, -59.17391, 30.5694, -86.62639, 51.77283, -110.16919, -0.82146, -109.71954, 24.01689, -99.79262, 0.48054, -91.67267, -22.7065, -69.71359, -25.19316, -32.20023, 12.9513, -44.83568, 62.75636, -44.03429, 38.86553, -23.76288, 4.39118, -8.05384, -23.95752, -6.02768, -27.20641, 21.54781, -4.17031, 16.84125, 33.80823, 1.0119, 60.1401, -19.69395, 74.34991, -36.62965, 76.26919, -39.9935, 65.83805, -49.92205, -38.77867, 20.48573 ]
						},
						{
							"time": 0.5,
							"vertices": [ -48.62173, -133.01865, -56.00903, -57.68018, -78.97525, -38.77421, -89.24869, -25.02847, -90.94528, -16.58311, -86.03326, -8.75703, -67.8887, -4.03119, -42.84985, -5.42602, -14.86037, -10.48283, 19.38049, -23.19763, 33.90121, -31.64943, 57.40562, -46.4007, 82.91966, -72.82832, 95.56808, -93.50198, 93.61189, -101.01051, 90.51794, -105.93974, 80.73431, -108.96251, 65.07907, -108.57045, 41.18845, -103.8557, 40.83441, -103.92387, 16.89406, -132.12384, 38.85912, -152.92662, -11.23642, -156.48158, 11.65382, -145.15224, -11.36392, -139.20576, -35.09659, -120.06064, -40.30455, -84.54207, -3.04028, -93.6803, 44.30591, -89.14583, 20.02983, -71.66002, -13.97433, -59.31752, -41.11104, -59.53614, -46.29224, -33.53491, -24.00854, -36.26956, 13.33982, -48.4607, 39.97186, -66.17535, 54.78015, -81.2196, 56.86136, -84.27614, 47.68463, -94.51666, -57.22614, -35.42199 ]
						},
						{
							"time": 0.8667,
							"vertices": [ -247.25305, -264.72522, -243.85144, -17.18435, -311.61285, 52.6153, -340.00287, 101.02994, -342.44263, 129.09528, -323.63147, 152.7444, -262.94165, 161.50255, -182.07098, 147.85861, -92.94373, 121.23971, 13.716, 67.45795, 57.83514, 34.70661, 128.85864, -21.78886, 202.16626, -116.96157, 235.75128, -188.75258, 226.66412, -212.44408, 214.81522, -227.33923, 181.91632, -233.6053, 131.17908, -226.63445, 55.24854, -202.61774, 54.07141, -202.71036, -33.99445, -285.65353, 29.82471, -361.25702, -134.28284, -354.58554, -55.76538, -326.0903, -128.41113, -298.38962, -198.58148, -227.5319, -202.5849, -110.2002, -84.79785, -153.45688, 70.7298, -155.94423, -1.80469, -90.28277, -107.83038, -37.79977, -196.1059, -28.63662, -203.48425, 57.75511, -132.0578, 40.75806, -15.10828, -12.45119, 65.00281, -79.7139, 107.65582, -133.99518, 113.30981, -144.68623, 79.75879, -174.62912, -239.70984, 55.59946 ]
						},
						{
							"time": 1.2,
							"vertices": [ -284.18042, -226.14328, -247.35553, 32.75764, -308.97412, 114.99438, -332.2135, 169.53455, -331.0005, 199.26778, -308.1134, 221.51828, -243.34875, 222.53989, -160.45093, 197.37872, -70.6449, 157.51344, 33.88007, 86.83284, 75.70389, 46.5901, 142.52802, -22.14474, 206.54749, -131.7107, 232.08948, -211.44177, 219.38477, -235.04335, 204.96887, -249.05743, 169.65775, -251.20203, 117.4346, -237.08145, 41.10645, -201.71585, 39.86145, -201.65483, -63.55426, -276.72488, -6.84543, -364.5125, -177.89142, -335.4723, -91.79669, -316.16705, -164.18866, -277.38293, -228.18726, -193.71414, -216.61719, -70.2431, -99.01947, -131.39098, 63.59802, -154.89435, -3.57712, -76.35224, -107.61273, -7.11774, -198.87079, 14.34375, -194.9942, 105.85125, -122.44128, 78.44515, -7.05719, 6.98218, 67.83948, -74.25549, 105.23755, -136.85924, 109.72385, -148.82005, 70.54709, -175.68425, -233.23737, 108.45984 ]
						},
						{
							"time": 1.6667,
							"vertices": [ -262.69647, -143.7414, -201.76953, 158.93733, -268.83447, 260.0416, -292.53705, 325.90176, -289.09375, 360.8664, -260.61078, 385.54492, -184.20264, 382.36584, -88.1922, 347.098, 14.966, 294.03052, 133.38776, 203.64365, 179.96344, 153.37843, 254.0774, 67.83681, 322.12454, -65.64257, 346.83572, -161.35219, 330.26282, -188.31161, 312.32278, -203.85481, 270.5552, -203.99321, 209.95483, -183.81465, 122.37836, -136.9627, 120.91473, -136.80687, -6.06396, -218.2948, 54.83887, -325.6099, -144.81091, -279.80457, -42.02264, -262.8749, -124.72766, -212.26035, -194.5022, -109.3063, -172.50818, 35.448, -38.03162, -44.58676, 152.05798, -83.29588, 78.19281, 13.8295, -39.74927, 102.47784, -145.86523, 133.95119, -135.1012, 241.54959, -51.43762, 204.33604, 79.73035, 112.2924, 162.51538, 11.46745, 202.35907, -64.85529, 206.83868, -79.25755, 158.84253, -108.27146, -180.0036, 247.21301 ]
						}
					]
				},
				"Main Robe": {
					"Main Robe": [
						{},
						{
							"time": 0.8667,
							"vertices": [ 3.54352, -22.6775, 1.46997, -22.8109, 1.60364, -24.88461, -16.0144, -35.4632, 3.0712, -47.69542, 3.35788, -52.14589, 1.00198, -15.55281, 0, 0, 1.20209, -18.66339, 0, 0, -0.02271, 0.37617, -0.49127, 7.63428, 0, 0, 0, 0, 0, 0, 7.24783, -17.83202, 0, 0, 0, 0, -3.42798, 5.8788, 0, 0, 0, 0, 0, 0, 0.93497, -14.516, 0, 0, 3.62405, -8.91613, 0, 0, 0, 0, 0, 0, 0, 0, 0, 0, 1.46933, -22.81078 ]
						}
					]
				}
			}
		}
	},
	"idle": {
		"slots": {
			"attack soosh": {
				"color": [
					{ "color": "ffffff00" }
				]
			}
		},
		"bones": {
			"core": {
				"translate": [
					{},
					{ "time": 0.5, "x": -0.08, "y": 6.8 },
					{ "time": 1 }
				]
			},
			"L Arm": {
				"rotate": [
					{},
					{ "time": 0.5, "angle": 7.8 },
					{ "time": 1 }
				]
			},
			"R Arm": {
				"rotate": [
					{},
					{ "time": 0.5, "angle": -5 },
					{ "time": 1 }
				]
			},
			"Head": {
				"translate": [
					{},
					{ "time": 0.5, "x": -2.58, "y": -0.04 },
					{ "time": 1 }
				]
			},
			"Hat": {
				"translate": [
					{},
					{ "time": 0.5, "x": 4.76 },
					{ "time": 1 }
				]
			},
			"waist": {
				"translate": [
					{},
					{ "time": 0.5, "x": 6.8, "y": 0.1 },
					{ "time": 1 }
				]
			},
			"Leg L": {
				"translate": [
					{},
					{ "time": 0.5, "x": -0.04, "y": 0.01 },
					{ "time": 1 }
				]
			},
			"Leg R": {
				"translate": [
					{},
					{ "time": 0.5, "x": -0.04, "y": 0.01 },
					{ "time": 1 }
				]
			},
			"Wand": {
				"rotate": [
					{},
					{ "time": 0.5, "angle": 4.09 },
					{ "time": 1 }
				],
				"translate": [
					{},
					{ "time": 0.5, "y": -0.75 },
					{ "time": 1 }
				]
			}
		},
		"deform": {
			"default": {
				"belt": {
					"Belt": [
						{},
						{
							"time": 0.5,
							"vertices": [ 0.15659, -11.03467, 0.17929, -12.63476, 0.19418, -13.68432, 0.90829, -11.88447, 0.02994, -2.10483, 0.02994, -2.10483, 0.02994, -2.10483, 0.02994, -2.10483, 0.02994, -2.10483, 0.02994, -2.10483, 0.02994, -2.10483, 0.02994, -2.10483, 0.02994, -2.10483, 0.02994, -2.10483, 0.02994, -2.10483, 3.88638, -13.15011, 0.12869, -9.05602, 0.09619, -6.76764, 0.02994, -2.10483, 0.02994, -2.10483, 0.02994, -2.10483, 0.02994, -2.10483, 0.02994, -2.10483, 0.21078, -14.85438 ]
						},
						{ "time": 1 }
					]
				},
				"Hat": {
					"Hat": [
						{},
						{
							"time": 0.5,
							"offset": 10,
							"vertices": [ -10.75092, -2.0E-5, -7.1673, -1.0E-5, -5.97284, -1.0E-5, -6.69464, -2.0E-5, -2.02127, -1.0E-5, -3.03198, -1.0E-5, -8.08502, -2.0E-5, -13.25684, -3.0E-5, -11.6889, -3.0E-5, -9.8905, -3.0E-5, 0, 0, 0, 0, 0, 0, 0, 0, 0, 0, 0, 0, -12.58795, -3.0E-5, -4.49713, -6.0E-5, 2.69604, -3.0E-5, 0, 0, 0, 0, 0, 0, 0, 0, 0, 0, 0, 0, 0, 0, 0, 0, 4.28088, -1.0E-5, 4.34293, -2.0E-5, 1.24387, -5.0E-5, -0.91611, -2.0E-5, -0.60187, -2.0E-5, 1.41928, -2.0E-5, 0, 0, 5.70776 ]
						},
						{ "time": 1 }
					]
				},
				"Main Robe": {
					"Main Robe": [
						{},
						{
							"time": 0.5,
							"vertices": [ 0.16226, -11.33679, 0.14233, -10.02453, 0.04739, -3.34148, 0, 0, 0, 0, 0, 0, 0, 0, 0, 0, 0, 0, 0, 0, 0, 0, 0, 0, 0, 0, 0, 0, 0, 0, 0, 0, 0, 0, 0, 0, 0, 0, 0, 0, 0, 0, -0.07364, 5.34638, 0, 0, 0, 0, 0.06439, -4.43912 ]
						},
						{ "time": 1 }
					]
				}
			}
		}
	},
	"idle2": {
		"slots": {
			"attack soosh": {
				"color": [
					{ "color": "ffffff00" }
				]
			}
		},
		"bones": {
			"core": {
				"translate": [
					{},
					{ "time": 0.5, "x": -0.08, "y": 6.8 },
					{ "time": 1 }
				]
			},
			"L Arm": {
				"rotate": [
					{},
					{ "time": 0.5, "angle": 7.8 },
					{ "time": 1 }
				]
			},
			"R Arm": {
				"rotate": [
					{},
					{ "time": 0.5, "angle": -5 },
					{ "time": 1 }
				]
			},
			"Head": {
				"translate": [
					{},
					{ "time": 0.5, "x": -2.58, "y": -0.04 },
					{ "time": 1 }
				]
			},
			"Hat": {
				"translate": [
					{},
					{ "time": 0.5, "x": 4.76 },
					{ "time": 1 }
				]
			},
			"waist": {
				"translate": [
					{},
					{ "time": 0.5, "x": 6.8, "y": 0.1 },
					{ "time": 1 }
				]
			},
			"Leg L": {
				"translate": [
					{},
					{ "time": 0.5, "x": -0.04, "y": 0.01 },
					{ "time": 1 }
				]
			},
			"Leg R": {
				"translate": [
					{},
					{ "time": 0.5, "x": -0.04, "y": 0.01 },
					{ "time": 1 }
				]
			},
			"L Eye": {
				"scale": [
					{ "time": 0.6 },
					{ "time": 0.7, "y": 0.184 },
					{ "time": 0.8 }
				]
			},
			"R Eye": {
				"scale": [
					{ "time": 0.6 },
					{ "time": 0.7, "y": 0.183 },
					{ "time": 0.8 }
				]
			},
			"Wand": {
				"rotate": [
					{},
					{ "time": 0.5, "angle": 4.09 },
					{ "time": 1 }
				],
				"translate": [
					{},
					{ "time": 0.5, "y": -0.75 },
					{ "time": 1 }
				]
			}
		},
		"deform": {
			"default": {
				"belt": {
					"Belt": [
						{},
						{
							"time": 0.5,
							"vertices": [ 0.15659, -11.03467, 0.17929, -12.63476, 0.19418, -13.68432, 0.90829, -11.88447, 0.02994, -2.10483, 0.02994, -2.10483, 0.02994, -2.10483, 0.02994, -2.10483, 0.02994, -2.10483, 0.02994, -2.10483, 0.02994, -2.10483, 0.02994, -2.10483, 0.02994, -2.10483, 0.02994, -2.10483, 0.02994, -2.10483, 3.88638, -13.15011, 0.12869, -9.05602, 0.09619, -6.76764, 0.02994, -2.10483, 0.02994, -2.10483, 0.02994, -2.10483, 0.02994, -2.10483, 0.02994, -2.10483, 0.21078, -14.85438 ]
						},
						{ "time": 1 }
					]
				},
				"Hat": {
					"Hat": [
						{},
						{
							"time": 0.5,
							"offset": 10,
							"vertices": [ -10.75092, -2.0E-5, -7.1673, -1.0E-5, -5.97284, -1.0E-5, -6.69464, -2.0E-5, -2.02127, -1.0E-5, -3.03198, -1.0E-5, -8.08502, -2.0E-5, -13.25684, -3.0E-5, -11.6889, -3.0E-5, -9.8905, -3.0E-5, 0, 0, 0, 0, 0, 0, 0, 0, 0, 0, 0, 0, -12.58795, -3.0E-5, -4.49713, -6.0E-5, 2.69604, -3.0E-5, 0, 0, 0, 0, 0, 0, 0, 0, 0, 0, 0, 0, 0, 0, 0, 0, 4.28088, -1.0E-5, 4.34293, -2.0E-5, 1.24387, -5.0E-5, -0.91611, -2.0E-5, -0.60187, -2.0E-5, 1.41928, -2.0E-5, 0, 0, 5.70776 ]
						},
						{ "time": 1 }
					]
				},
				"Main Robe": {
					"Main Robe": [
						{},
						{
							"time": 0.5,
							"vertices": [ 0.16226, -11.33679, 0.14233, -10.02453, 0.04739, -3.34148, 0, 0, 0, 0, 0, 0, 0, 0, 0, 0, 0, 0, 0, 0, 0, 0, 0, 0, 0, 0, 0, 0, 0, 0, 0, 0, 0, 0, 0, 0, 0, 0, 0, 0, 0, 0, -0.07364, 5.34638, 0, 0, 0, 0, 0.06439, -4.43912 ]
						},
						{ "time": 1 }
					]
				}
			}
		}
	},
	"jump": {
		"slots": {
			"attack soosh": {
				"color": [
					{ "color": "ffffff00" }
				]
			}
		},
		"bones": {
			"core": {
				"rotate": [
					{},
					{ "time": 0.5, "angle": -2.79 },
					{ "time": 1 }
				],
				"translate": [
					{},
					{ "time": 0.5, "x": -0.28, "y": 23.49 },
					{ "time": 1 }
				]
			},
			"L Arm": {
				"rotate": [
					{},
					{ "time": 0.5, "angle": -12.31 },
					{ "time": 1 }
				]
			},
			"R Arm": {
				"rotate": [
					{},
					{ "time": 0.5, "angle": 12.08 },
					{ "time": 1 }
				]
			},
			"Head": {
				"rotate": [
					{},
					{ "time": 0.5, "angle": -2.69 },
					{ "time": 1 }
				]
			},
			"waist": {
				"rotate": [
					{},
					{ "time": 0.5, "angle": -2.37 },
					{ "time": 1 }
				]
			},
			"Leg L": {
				"rotate": [
					{},
					{ "time": 0.5, "angle": -32.67 },
					{ "time": 1 }
				]
			},
			"Leg R": {
				"rotate": [
					{},
					{ "time": 0.5, "angle": 30.39 },
					{ "time": 1 }
				]
			},
			"R Hand": {
				"translate": [
					{},
					{ "time": 0.5, "x": 8.1, "y": -10.5 },
					{ "time": 1 }
				]
			},
			"L Eye": {
				"scale": [
					{},
					{ "time": 0.5, "y": 0.845 },
					{ "time": 1 }
				]
			},
			"R Eye": {
				"scale": [
					{},
					{ "time": 0.5, "y": 0.96 },
					{ "time": 1 }
				]
			},
			"Wand": {
				"rotate": [
					{},
					{ "time": 0.5, "angle": -17.98 },
					{ "time": 1 }
				]
			}
		},
		"deform": {
			"default": {
				"belt": {
					"Belt": [
						{},
						{
							"time": 0.5,
							"vertices": [ 0.20493, -14.33645, 0.1655, -11.57938, 0.14169, -9.92522, 0.13321, -9.3738, 0, 0, 0, 0, 0, 0, 0, 0, 0, 0, 0, 0, 0, 0, 0, 0, 0, 0, 0, 0, 0, 0, 2.89862, -9.88611, 0.22061, -15.4392, 0.1192, -8.27099, 0, 0, 0, 0, 0, 0, 0, 0, 0, 0, 0.11035, -7.7196 ]
						},
						{ "time": 1 }
					]
				},
				"Hat": {
					"Hat": [
						{},
						{
							"time": 0.5,
							"offset": 10,
							"vertices": [ -5.83636, -0.29628, -4.3772, -0.2222, -7.29529, -0.37034, -4.00995, -0.20355, -7.38452, -0.37488, -8.84302, -0.44896, -11.67249, -0.59255, -16.04956, -0.81475, -8.75433, -0.44441, 0, 0, 0, 0, 0, 0, 0, 0, 0, 0, 0, 0, 0, 0, -16.04987, -0.81475, -10.21356, -0.51848, -4.37622, -0.22222 ]
						},
						{ "time": 1 }
					]
				},
				"Main Robe": {
					"Main Robe": [
						{},
						{
							"time": 0.5,
							"vertices": [ 0.18063, -12.69027, 0.08026, -5.64012, 8.45993, 0.12001, 15.51004, 0.22001, 7.05008, 0.1, 7.05014, 0.1, 0, 0, 0, 0, 4.23004, 0.06, 4.22983, 0.06, 8.46014, 0.12, -0.16, 11.28024, 0, 0, 0, 0, 0, 0, 0, 0, 9.87018, 0.14001, -0.29987, 21.15052, 0, 0, 0, 0, 0, 0, 0, 0, 0, 0, 0, 0, 0.1207, -8.46018 ]
						},
						{ "time": 1 }
					]
				}
			}
		}
	},
	"reappear": {
		"slots": {
			"attack soosh": {
				"color": [
					{ "color": "ffffff00", "curve": "stepped" },
					{ "time": 1, "color": "ffffff00" }
				]
			},
			"belt": {
				"color": [
					{ "color": "ffffff00" },
					{ "time": 0.1333, "color": "ffffffff" },
					{ "time": 0.2667, "color": "ffffff00" },
					{ "time": 0.4333, "color": "fffdfdff" },
					{ "time": 0.6, "color": "ffffff00" },
					{ "time": 0.7667, "color": "fffdfdff" }
				]
			},
			"Collar": {
				"color": [
					{ "color": "ffffff00" },
					{ "time": 0.1333, "color": "ffffffff" },
					{ "time": 0.2667, "color": "ffffff00" },
					{ "time": 0.4333, "color": "fffdfdff" },
					{ "time": 0.6, "color": "ffffff00" },
					{ "time": 0.7667, "color": "fffdfdff" }
				]
			},
			"Hat": {
				"color": [
					{ "color": "ffffff00" },
					{ "time": 0.1333, "color": "ffffffff" },
					{ "time": 0.2667, "color": "ffffff00" },
					{ "time": 0.4333, "color": "fffdfdff" },
					{ "time": 0.6, "color": "ffffff00" },
					{ "time": 0.7667, "color": "fffdfdff" }
				]
			},
			"Head Shape": {
				"color": [
					{ "color": "ffffff00" },
					{ "time": 0.1333, "color": "ffffffff" },
					{ "time": 0.2667, "color": "ffffff00" },
					{ "time": 0.4333, "color": "fffdfdff" },
					{ "time": 0.6, "color": "ffffff00" },
					{ "time": 0.7667, "color": "fffdfdff" }
				]
			},
			"L Arm": {
				"color": [
					{ "color": "ffffff00" },
					{ "time": 0.1333, "color": "ffffffff" },
					{ "time": 0.2667, "color": "ffffff00" },
					{ "time": 0.4333, "color": "fffdfdff" },
					{ "time": 0.6, "color": "ffffff00" },
					{ "time": 0.7667, "color": "fffdfdff" }
				]
			},
			"L Eye": {
				"color": [
					{ "color": "ffffff00" },
					{ "time": 0.1333, "color": "ffffffff" },
					{ "time": 0.2667, "color": "ffffff00" },
					{ "time": 0.4333, "color": "fffdfdff" },
					{ "time": 0.6, "color": "ffffff00" },
					{ "time": 0.7667, "color": "fffdfdff" }
				]
			},
			"L Hand": {
				"color": [
					{ "color": "ffffff00" },
					{ "time": 0.1333, "color": "ffffffff" },
					{ "time": 0.2667, "color": "ffffff00" },
					{ "time": 0.4333, "color": "fffdfdff" },
					{ "time": 0.6, "color": "ffffff00" },
					{ "time": 0.7667, "color": "fffdfdff" }
				]
			},
			"L Leg": {
				"color": [
					{ "color": "ffffff00" },
					{ "time": 0.1333, "color": "ffffffff" },
					{ "time": 0.2667, "color": "ffffff00" },
					{ "time": 0.4333, "color": "fffdfdff" },
					{ "time": 0.6, "color": "ffffff00" },
					{ "time": 0.7667, "color": "fffdfdff" }
				]
			},
			"Main Robe": {
				"color": [
					{ "color": "ffffff00" },
					{ "time": 0.1333, "color": "ffffffff" },
					{ "time": 0.2667, "color": "ffffff00" },
					{ "time": 0.4333, "color": "fffdfdff" },
					{ "time": 0.6, "color": "ffffff00" },
					{ "time": 0.7667, "color": "fffdfdff" }
				]
			},
			"R Arm": {
				"color": [
					{ "color": "ffffff00" },
					{ "time": 0.1333, "color": "ffffffff" },
					{ "time": 0.2667, "color": "ffffff00" },
					{ "time": 0.4333, "color": "fffdfdff" },
					{ "time": 0.6, "color": "ffffff00" },
					{ "time": 0.7667, "color": "fffdfdff" }
				]
			},
			"R Eye": {
				"color": [
					{ "color": "ffffff00" },
					{ "time": 0.1333, "color": "ffffffff" },
					{ "time": 0.2667, "color": "ffffff00" },
					{ "time": 0.4333, "color": "fffdfdff" },
					{ "time": 0.6, "color": "ffffff00" },
					{ "time": 0.7667, "color": "fffdfdff" }
				]
			},
			"R Hand": {
				"color": [
					{ "color": "ffffff00" },
					{ "time": 0.1333, "color": "ffffffff" },
					{ "time": 0.2667, "color": "ffffff00" },
					{ "time": 0.4333, "color": "fffdfdff" },
					{ "time": 0.6, "color": "ffffff00" },
					{ "time": 0.7667, "color": "fffdfdff" }
				]
			},
			"R Leg": {
				"color": [
					{ "color": "ffffff00" },
					{ "time": 0.1333, "color": "ffffffff" },
					{ "time": 0.2667, "color": "ffffff00" },
					{ "time": 0.4333, "color": "fffdfdff" },
					{ "time": 0.6, "color": "ffffff00" },
					{ "time": 0.7667, "color": "fffdfdff" }
				]
			},
			"Waist": {
				"color": [
					{ "color": "ffffff00" },
					{ "time": 0.1333, "color": "ffffffff" },
					{ "time": 0.2667, "color": "ffffff00" },
					{ "time": 0.4333, "color": "fffdfdff" },
					{ "time": 0.6, "color": "ffffff00" },
					{ "time": 0.7667, "color": "fffdfdff" }
				]
			},
			"wand": {
				"color": [
					{ "color": "ffffff00" },
					{ "time": 0.1333, "color": "ffffffff" },
					{ "time": 0.2667, "color": "ffffff00" },
					{ "time": 0.4333, "color": "fffdfdff" },
					{ "time": 0.6, "color": "ffffff00" },
					{ "time": 0.7667, "color": "fffdfdff" }
				]
			}
		}
	}
}
}